Федеральный округ;Область;"Численность населения (на конец года; тысяч человек)";Численность врачей всех специальностей (на конец года: тысяч человек);"Ожидаемая продолжительность жизни при рождении (число лет; все население)";"Ожидаемая продолжительность жизни при рождении (число лет; мужчины)";"Ожидаемая продолжительность жизни при рождении (число лет; женщины)"
Центральный федеральный округ;Белгородская область;1536;6,2;71,71;66,22;77,11
Центральный федеральный округ;Брянская область;1264;4,6;68,83;62,28;75,71
Центральный федеральный округ;Владимирская область;1432;5;68,08;61,77;74,42
Центральный федеральный округ;Воронежская область;2332;12,6;70,41;64,45;76,44
Центральный федеральный округ;Ивановская область;1054;5,7;68,56;62,19;74,79
Центральный федеральный округ;Калужская область;1008;4;69,49;63,45;75,63
Центральный федеральный округ;Костромская область;662;2,4;68,45;62,67;74,27
Центральный федеральный округ;Курская область;1122;6,4;69,27;63,04;75,67
Центральный федеральный округ;Липецкая область;1166;4,8;69,87;63,49;76,41
Центральный федеральный округ;Московская область;7199;29,3;70,36;64,69;75,85
Центральный федеральный округ;Орловская область;781;3,2;69,48;63,21;75,82
Центральный федеральный округ;Рязанская область;1148;6,6;69,34;63,03;75,8
Центральный федеральный округ;Смоленская область;981;5,9;68,12;61,83;74,58
Центральный федеральный округ;Тамбовская область;1082;3,7;70,18;63,93;76,68
Центральный федеральный округ;Тверская область;1342;7,3;67,02;60,8;73,48
Центральный федеральный округ;Тульская область;1545;5,2;68,63;62,47;74,77
Центральный федеральный округ;Ярославская область;1271;8,4;69,95;63,48;76,26
Центральный федеральный округ;г. Москва;11613;90,4;75,79;71,47;79,81
Северо-Западный федеральный округ;Республика Карелия;640;3,2;67,95;61,75;74,23
Северо-Западный федеральный округ;Республика Коми;890;4,3;67,95;61,62;74,58
Северо-Западный федеральный округ;Архангельская область;1213;6,9;68,75;62,69;75
Северо-Западный федеральный округ;Ненецкий автономный округ;42;0,2;66,71;60,61;73,47
Северо-Западный федеральный округ;Вологодская область;1198;4,2;68,36;62,05;75,06
Северо-Западный федеральный округ;Калининградская область;947;3,4;69,9;64,38;75,26
Северо-Западный федеральный округ;Ленинградская область;1734;5,9;69,44;63,53;75,48
Северо-Западный федеральный округ;Мурманская область;788;4,6;68,93;62,97;74,62
Северо-Западный федеральный округ;Новгородская область;630;2,6;66,46;59,71;73,61
Северо-Западный федеральный округ;Псковская область;667;2,4;66,47;60,3;73,1
Северо-Западный федеральный округ;г. Санкт-Петербург;4953;43,2;73,06;67,79;77,71
Южный федеральный округ;Республика Адыгея;443;1,7;70,99;65,8;76,14
Южный федеральный округ;Республика Калмыкия;287;1,4;70,8;65,18;76,62
Южный федеральный округ;Краснодарский край;5284;22,2;71,15;66,03;76,16
Южный федеральный округ;Астраханская область;1015;7,1;69,84;64,24;75,55
Южный федеральный округ;Волгоградская область;2595;13,1;70,5;64,9;76,1
Южный федеральный округ;Ростовская область;4260;17;70,28;64,86;75,68
Северо-Кавказский федеральный округ;Республика Дагестан;2931;11,6;74,26;70,56;77,85
Северо-Кавказский федеральный округ;Республика Ингушетия (1990 г. - включая Чеченскую Республику);430;1,5;76,29;72,37;79,66
Северо-Кавказский федеральный округ;Кабардино-Балкарская Республика;859;4;72,44;67,52;77,19
Северо-Кавказский федеральный округ;Карачаево-Черкесская Республика;475;1,7;72,85;67,64;77,8
Северо-Кавказский федеральный округ;Республика Северная Осетия - Алания;709;5,3;72,59;66,75;78,19
Северо-Кавказский федеральный округ;Чеченская Республика (1990 г. - включая Республику Ингушетия);1302;3,5;72,13;68,61;75,57
Северо-Кавказский федеральный округ;Ставропольский край;2787;12,5;71,57;66,44;76,53
Приволжский федеральный округ;Республика Башкортостан;4064;17,5;69,04;63,13;75,17
Приволжский федеральный округ;Республика Марий Эл;692;2,4;68,31;61,94;75,08
Приволжский федеральный округ;Республика Мордовия;825;4,3;70,11;64,12;76,23
Приволжский федеральный округ;Республика Татарстан;3803;16,8;71,3;65,38;77,18
Приволжский федеральный округ;Удмуртская Республика;1518;8,8;68,88;62,58;75,26
Приволжский федеральный округ;Чувашская Республика;1247;6,1;69,66;63,44;76,17
Приволжский федеральный округ;Пермский край;2631;14,4;67,52;61,3;73,86
Приволжский федеральный округ;Кировская область;1328;6,5;69,32;63,38;75,43
Приволжский федеральный округ;Нижегородская область;3297;16,6;68,48;62,07;74,93
Приволжский федеральный округ;Оренбургская область;2024;10,6;68,31;62,36;74,47
Приволжский федеральный округ;Пензенская область;1377;5,6;70,23;63,84;76,79
Приволжский федеральный округ;Самарская область;3214;15,9;69,02;62,9;75,16
Приволжский федеральный округ;Саратовская область;2509;13,3;69,86;64,04;75,59
Приволжский федеральный округ;Ульяновская область;1282;4,7;69,5;63,25;75,9
Уральский федеральный округ;Курганская область;896;2,7;68,36;62,03;75,01
Уральский федеральный округ;Свердловская область;4307;19,6;69,29;63,23;75,27
Уральский федеральный округ;Тюменская область;3460;18,6;70,45;65,04;75,89
Уральский федеральный округ;Ханты-Мансийский автономный округ;1561;8,5;70,91;66,03;75,73
Уральский федеральный округ;Ямало-Ненецкий автономный округ;537;2,6;70,16;65,62;74,88
Уральский федеральный округ;Челябинская область;3480;15,3;68,79;62,76;74,78
Сибирский федеральный округ;Республика Алтай;209;0,9;65,4;59,86;71,28
Сибирский федеральный округ;Республика Бурятия;971;4,1;66,09;60,25;72,26
Сибирский федеральный округ;Республика Тыва;309;1,4;61,39;56,25;66,58
Сибирский федеральный округ;Республика Хакасия;532;2;67,75;62,03;73,51
Сибирский федеральный округ;Алтайский край;2407;12,1;68,97;63,29;74,72
Сибирский федеральный округ;Забайкальский край;1100;6,3;65,75;59,94;72,09
Сибирский федеральный округ;Красноярский край;2838;15;68,27;62,53;74,07
Сибирский федеральный округ;Иркутская область;2424;12,3;65,93;59,59;72,5
Сибирский федеральный округ;Кемеровская область;2751;13,3;66,18;59,87;72,76
Сибирский федеральный округ;Новосибирская область;2687;15,7;69,68;63,86;75,51
Сибирский федеральный округ;Омская область;1975;11,6;69,5;63,71;75,24
Сибирский федеральный округ;Томская область;1058;7,4;69,53;63,71;75,49
Дальневосточный федеральный округ;Республика Саха (Якутия);956;5,4;67,67;61,88;73,96
Дальневосточный федеральный округ;Камчатский край;320;1,7;66,57;61,55;72,17
Дальневосточный федеральный округ;Приморский край;1951;11;67,17;61,65;73,07
Дальневосточный федеральный округ;Хабаровский край;1342;8,5;66;59,97;72,58
Дальневосточный федеральный округ;Амурская область;821;5,4;64,82;58,87;71,43
Дальневосточный федеральный округ;Магаданская область;155;0,9;65,99;60,18;72,64
Дальневосточный федеральный округ;Сахалинская область;495;2,5;65,68;59,8;72,24
Дальневосточный федеральный округ;Еврейская автономная область;175;0,6;63,35;57,5;69,94
Дальневосточный федеральный округ;Чукотский автономный округ;51;0,4;61,58;57,53;66,35
